dataset,source_family,graph_path,graph_sha256,graph_bytes,vertices,edges,paper_vertices,paper_edges,paper_candidate_groups,matches_paper_vertex_edge_counts,query_family,query_records,query_blocks,source_reference,known_infeasible_queries
Toronto-MonoGSTPlus,MonoGSTPlus,data/Toronto,4d82fe13e05168bf918c4f4cce3ee5fd189cd32b437c62d9a70255e98fa177b1,1742789,46073,68353,46073,68353,,True,"synthetic <g,f>",160,['all'],A Practical Sublinear Approximation for Group Steiner Tree (VLDB 2026 accepted manuscript),0
MovieLens-MonoGSTPlus,MonoGSTPlus,data/MovieLens,e52d22f1208a84020d6c51f1a5bebb9792f59bd29b9f2764e320c8d989919c9b,583167718,62423,35323774,62423,35323774,,True,"synthetic <g,f>",160,['all'],A Practical Sublinear Approximation for Group Steiner Tree (VLDB 2026 accepted manuscript),0
DBLP-MonoGSTPlus,MonoGSTPlus,data/DBLP,f3f60f5b3ed6689ac573b15946254cf3421fa9d76be4b0e70dcd6aed99e5e0e9,349842976,2497782,12786329,2497782,12786329,,True,"synthetic <g,f>",160,['all'],A Practical Sublinear Approximation for Group Steiner Tree (VLDB 2026 accepted manuscript),0
LinkedMDB-MonoGSTPlus,MonoGSTPlus,data/LinkedMDB,2fa246f176b941a543baa0b49ed504ec9ddca4f7c0736707b67bfe557c3a1357,61182798,1326784,2132796,1326784,2132796,,True,WikiMovies natural,200,['all'],A Practical Sublinear Approximation for Group Steiner Tree (VLDB 2026 accepted manuscript),46
DBpedia-MonoGSTPlus,MonoGSTPlus,data/DBpedia,320e1a264d64e3f08fc01b25e9b0f730b7c488ee81488396be3cb4e33b8beb0c,529521446,5887296,18338729,5887296,18338729,,True,DBpedia-Entity v2 natural,438,['all'],A Practical Sublinear Approximation for Group Steiner Tree (VLDB 2026 accepted manuscript),9
Musae-GPU4GST,GPU4GST,data/GPU4GST_Musae,291b2a6da265bdb008840f8cd906eaa5f00d3ab414d75b5bf4dfe7ecd33b8770,5546002,19109,400497,19109,400497,13183,True,author related-group queries,900,"['g3', 'g5', 'g7']",https://github.com/toziki/GPU4GST-sigmod,0
Twitch-GPU4GST,GPU4GST,data/GPU4GST_Twitch,73b7df2979497861e60980bb807408582238f214a2a3e5038aa55c82dd4b1ae4,6065103,34118,429113,34118,429113,3163,True,author related-group queries,900,"['g3', 'g5', 'g7']",https://github.com/toziki/GPU4GST-sigmod,0
Github-GPU4GST,GPU4GST,data/GPU4GST_Github,698250271ac559ae80d137f0a85824f190b7f2d73eb4efb386d9918b187d9737,3957744,37700,289003,37700,289003,4005,True,author related-group queries,900,"['g3', 'g5', 'g7']",https://github.com/toziki/GPU4GST-sigmod,0
Youtube-GPU4GST,GPU4GST,data/GPU4GST_Youtube,848647c1a0a83b447efa7acd4a4026be0a7fc1cb12417c518eb3aab4ed3cf6c0,46934223,1134890,2987624,1134890,2987624,8385,True,author related-group queries,900,"['g3', 'g5', 'g7']",https://github.com/toziki/GPU4GST-sigmod,0
DBLP-GPU4GST,GPU4GST,data/GPU4GST_DBLP,841ddb99c7be2d65c9a629cd7c014883e8f24ca177e996e1efa221266629a82e,221444650,2497782,12786329,2423455,12786329,127726,False,author related-group queries,900,"['g3', 'g5', 'g7']",https://github.com/toziki/GPU4GST-sigmod,0
Orkut-GPU4GST,GPU4GST,data/GPU4GST_Orkut,6ba1ab21d33146c11d99ef83031f3ec284b0d8b4ddf975d66c4a0cbf08db1f00,2118112699,3072441,117185083,3072440,117185083,6288363,False,author related-group queries,900,"['g3', 'g5', 'g7']",https://github.com/toziki/GPU4GST-sigmod,0
LiveJournal-GPU4GST,GPU4GST,data/GPU4GST_LiveJournal,40832d9d12c30d37f70f23b91a85a94cf15ca3b808b2806b2612be9c476f0de7,603443180,3997962,34681189,3997962,34681189,664414,True,author related-group queries,900,"['g3', 'g5', 'g7']",https://github.com/toziki/GPU4GST-sigmod,0
Reddit-GPU4GST,GPU4GST,data/GPU4GST_Reddit,c5efd7f630f1756edf2da9a27132c10924d5250e7c585b62b460be2fdb710ca8,222862160,4262834,12502767,4262834,12502767,1146657,True,author related-group queries,900,"['g3', 'g5', 'g7']",https://github.com/toziki/GPU4GST-sigmod,0
